threshold,PPR_female,PPR_male,TPR_female,TPR_male,FPR_female,FPR_male,Prec_female,Prec_male,DP,EO,PP,Accuracy
0.05,1.0,1.0,1.0,1.0,1.0,1.0,0.6939,0.7376,1.0,1.0,0.9407,0.7233
0.15,0.9592,0.9802,0.9706,0.9933,0.9333,0.9434,0.7021,0.7475,0.9786,0.9771,0.9393,0.73
0.25,0.9184,0.9406,0.9559,0.9799,0.8333,0.8302,0.7222,0.7684,0.9764,0.9755,0.9399,0.75
0.35,0.8469,0.8713,0.9265,0.953,0.6667,0.6415,0.759,0.8068,0.9721,0.9721,0.9408,0.78
0.45,0.7245,0.802,0.8382,0.8725,0.4667,0.6038,0.8028,0.8025,0.9034,0.7729,1.0004,0.7467
0.55,0.6837,0.7376,0.7941,0.8188,0.4333,0.5094,0.806,0.8188,0.9269,0.8506,0.9843,0.73
0.65,0.6122,0.6733,0.75,0.7584,0.3,0.434,0.85,0.8309,0.9094,0.6913,1.023,0.7167
0.75,0.5102,0.5693,0.6324,0.6779,0.2333,0.2642,0.86,0.8783,0.8962,0.8833,0.9792,0.6867
0.85,0.3776,0.4356,0.4559,0.5436,0.2,0.1321,0.8378,0.9205,0.8667,0.8386,0.9102,0.6067
0.95,0.0918,0.203,0.1176,0.2685,0.0333,0.0189,0.8889,0.9756,0.4525,0.4382,0.9111,0.43
